ID_Fuente;Titulo_Fuente;Autor_Institucion;A–o_Publicacion;Tipo_Fuente;Tema_Principal;Datos_Mercado;Datos_Empleo;Datos_Competencias;Datos_Impacto_Expertise;Datos_Brechas;Verificabilidad_URL;URL_Fuente;Notas_Adicionales;Rol_en_revision;Incluida_en_sintesis_cualitativa;Incluida_en_sintesis_cuantitativa
1;PRISMA Statement: Preferred Reporting Items for Systematic Reviews;Moher et al.;2009;Academica;Metodologia;No;No;No;No;No;Si;https://pubmed.ncbi.nlm.nih.gov/19622551/;Referencia metodologica fundamental;METODOLOGIA_NO_SINTETIZADA;No;No
2;PRISMA-S: an extension to the PRISMA Statement for Reporting Literature Searches in Systematic Reviews;Springer Nature;2021;Academica;Metodologia;No;No;No;No;No;Si;https://link.springer.com/article/10.1186/s13643-020-01542-z;Extension PRISMA para busqueda de literatura;METODOLOGIA_NO_SINTETIZADA;No;No
3;Evaluating Large Language Models as Expert Annotators;Tseng et al;2025;Academica;Impacto_Expertise;No;No;No;LLMs insuficientes en dominio especializado;No;Si;https://www.arxiv.org/abs/2508.07827;Limitaciones de LLMs para anotacion;SINTESIS_CUALITATIVA;Si;No
4;Explainable AI Improves Task Performance in Human-AI Collaboration;Senoner et al.;2024;Academica;Impacto_Expertise;No;No;No;96.3% vs 88.6% mejora 7.7 puntos;No;Si;https://www.nature.com/articles/s41598-024-82501-9;"Scientific Reports; XAI en colaboraci—n humano_IA";SINTESIS_CUALITATIVA;Si;No
5;The Role of Linguistics in NLP;Reddit/Comunidad NLP;2020;Comunitaria;Impacto_Expertise;No;No;No;"No (fuente comunitaria; no usada para resultados)";No;Parcialmente;https://www.reddit.com/r/LanguageTechnology/comments/h8sdah/the_role_of_linguistics_in_nlp/;"Fuente comunitaria (subreddit) usada solo para contextualizaci—n; no se emplea para resultados cuantitativos ni conclusiones.";CONTEXTO_NO_SINTETIZADO;No;No
6;Computational linguistics at the crossroads: A Comprehensive Review of NLP Advancements;WJAETS;2024;Academica;Mercado_NLP;No;No;Competencias PLN;No;No;Si;https://wjaets.com/sites/default/files/fulltext_pdf/WJAETS-2024-0146.pdf;Revision de estado del arte;SINTESIS_CUALITATIVA;Si;No
7;Progress, challenges and future of linguistic neural decoding with deep learning;Nature;2025;Academica;Tendencias;No;No;No;No;No;Si;https://www.nature.com/articles/s42003-025-08511-z;Perspectiva futura de linguistica neural;SINTESIS_CUALITATIVA;Si;No
8;Accelerating Scientific Breakthroughs with an AI Co-Scientist;Google Research;2026;Academica;Tendencias;No;No;No;No;No;Si;https://research.google/blog/accelerating-scientific-breakthroughs-with-an-ai-co-scientist/;Colaboracion humano-IA;SINTESIS_CUALITATIVA;Si;No
9;Natural Language Processing Market Size & Outlook, 2025-2033;Straits Research;2023;Comercial;Mercado_NLP;USD 27.65 mil millones 2024;No;No;No;No;Si;https://straitsresearch.com/report/natural-language-processing-market;Primer dato tama–o mercado;SINTESIS_CUALITATIVA;Si;No
10;Natural Language Processing Market Size and Forecast 2024 to 2034;Precedence Research;2025;Comercial;Mercado_NLP;USD 30.68B 2024 USD 115-237B 2030-2033 CAGR 23-38%;No;No;No;No;Si;https://www.precedenceresearch.com/natural-language-processing-market;Multiples proyecciones mercado;SINTESIS_CUALITATIVA;Si;No
11;Natural Language Processing Market Size & Share Analysis - Growth Trends and Forecast (2025 - 2030) Source: https://www.mordorintelligence.com/industry-reports/natural-language-processing-market;Mordor Intelligence;2025;Comercial;Mercado_NLP;CAGR 23-38% Cloud 63.40% Servicios 26.08%;Oscar Health 40-50% Siemens EUR 5M;Casos impacto empresarial;No;No;Si;https://www.mordorintelligence.com/industry-reports/natural-language-processing-market;Casos ROI documentados;SINTESIS_CUALITATIVA;Si;No
12;Natural Language Processing (NLP) Market Analysis by Technology, Type, Service, Deployment Model, Application, Vertical, and Region Through 2035;Future Market Insights;2025;Comercial;Mercado_NLP;USD 115-237 mil millones 2030-2033;No;No;No;No;Si;https://www.futuremarketinsights.com/reports/natural-language-processing-nlp-market;Proyeccion optimista;SINTESIS_CUALITATIVA;Si;No
13;Coherent Market Insights;Coherent Market Insights;2025;Comercial;Mercado_NLP;CAGR complementarios;No;No;No;No;Si;https://www.coherentmarketinsights.com/market-insight/natural-language-processing-market-1090;Analisis mercado adicional;SINTESIS_CUALITATIVA;Si;No
14;"Natural Language Processing (NLP) Market Size, Share & Industry Analysis, By Deployment (On-Premises, Cloud, and Hybrid), By Enterprise Type (Small & Medium-sized Enterprises and Large Enterprises), By Technology (Interactive Voice Response, Optical Character Recognition, Text Analytics, Speech Analytics, Classification and Categorization, Pattern and Image Recognition, and Others), By Industry (Healthcare, Retail, High Tech and Telecom, Banking, Financial Services, and Insurance, Automotive & Transportation, Advertising & Media, Manufacturing, and Others), and Regional Forecasts, 2026-2034

Source: https://www.fortunebusinessinsights.com/industry-reports/natural-language-processing-nlp-market-101933";Fortune Business Insights;2024;Comercial;Mercado_NLP;Datos sector salud 24.34% CAGR;No;No;No;No;Si;https://www.fortunebusinessinsights.com/industry-reports/natural-language-processing-nlp-market-101933;Enfoque sectorial salud;SINTESIS_CUALITATIVA;Si;No
15;State of AI: Enterprise Adoption & Growth Trends;Databricks;2025;Comercial;Mercado_NLP Empleo;NLP 75% YoY Manufactura 148% Educacion 139% Extraccion datos +25% Chatbots 700 FTE;No;Adopcion empresarial casos uso;Adopcion masiva NLP;Si;Si;https://www.databricks.com/blog/state-ai-enterprise-adoption-growth-trends#:~:text=The%20volume%20of%20AI%20models,50%25%20more%20experiments%20this%20year.;Datos adopcion relevantes 2025;SINTESIS_CUALITATIVA;Si;No
16;AI In Natural Language Processing Market Size 2025-2029;Technavio;2025;Comercial;Mercado_NLP Tendencias;Crecimiento sectorial;No;Nuevos campos LLMOps RAG;No;Si;Si;https://www.technavio.com/report/ai-in-natural-language-processing-market-industry-analysis#:~:text=The%20ai%20in%20natural%20language,35.2%25%20from%202024%20to%202029.;Nuevas especialidades emergentes;SINTESIS_CUALITATIVA;Si;No
17;The 2025 Nimdzi 100;Nimdzi;2025;Comercial;Empleo;No;Valor humano vs automatizacion;No;No;Si;Si;https://www.nimdzi.com/nimdzi-100;Perspectiva sustitucion laboral;SINTESIS_CUALITATIVA;Si;No
18;Enterprise AI in 2026: Five Defining Trends Reshaping the Future of Business;LinkedIn / CXO TechBot;2026;Profesional;Tendencias;No;No;No;No;No;Si;https://www.linkedin.com/pulse/enterprise-ai-2026-five-defining-trends-reshaping-future-ebmcc/;Tendencias futuro 2026.  Fuente profesional/comunitaria utilizada en sÕntesis cualitativa (tendencias). No se emplea para resultados cuantitativos.;SINTESIS_CUALITATIVA;Si;No
19;AI Skills Gap;IBM;2024;Comercial;Brechas;No;No;No;No;50% orgs brecha 33% barrera principal;Si;https://www.ibm.com/think/insights/ai-skills-gap;Estudio global brechas;SINTESIS_CUALITATIVA;Si;No
20;The 2025 AI Skills Gap: Why LLMs Outpace Workplace Learning And How To Win The Race;VodWorks;2025;Comercial;Brechas;No;No;No;No;14% capacitacion 40% programas 79% sobrestiman;Si;https://vodworks.com/blogs/ai-skills-gap/;Brecha percepcion-realidad;SINTESIS_CUALITATIVA;Si;No
21;Computational Linguist [Career Guide];Edmates;2025;Profesional;Empleo Competencias;No;Rol responsabilidades;Programacion linguistica evaluacion;No;No;Si;https://www.edmates.com/career-guide/computational-linguist/;Descripcion rol profesional;SINTESIS_CUALITATIVA;Si;No
22;How to Become a Computational Linguist;Western Governors University;2025;Profesional;Empleo Competencias;No;Carreras requisitos;Python C++ matematicas linguistica;No;No;Si;https://www.wgu.edu/career-guide/information-technology/computational-linguist-career.html;Guia formacion academica;SINTESIS_CUALITATIVA;Si;No
23;Job Outlook for Computational Linguists in the United States;Zippia;2025;Comunitaria;Empleo;No;Mediana USD 101000 Inicio USD 79804 Maximo USD 126000 Crecimiento 3.4%;No;No;No;Parcialmente;https://www.zippia.com/computational-linguist-jobs/trends/;"Datos salariales. Fuente comunitaria usada solo para contextualizaci—n; no se emplea para resultados cuantitativos ni conclusiones.";CONTEXTO_NO_SINTETIZADO;No;No
24;Linguistics Jobs in 2024: Careers Salary Range and Requirements;Career Central University of Pittsburgh;2024;Profesional;Empleo Competencias;No;Empleadores Google Microsoft Amazon Apple Duolingo Gov Intel;Competencias generales;No;No;Si;https://careercentral.pitt.edu/blog/2024/01/04/linguistics-jobs-in-2024-careers-salary-range-and-requirements/;Empleadores principales activos;SINTESIS_CUALITATIVA;Si;No
25;How I became a Computational Linguist;LinkedIn;2025;Comunitaria;Empleo Competencias;No;Demanda skills requeridas;MLOps LLMOps domain expertise;No;No;Si;https://www.linkedin.com/pulse/how-i-became-computational-linguist-diana-constantina-hoefels-ao5te/;"Competencias emergentes.  Fuente comunitaria usada solo para contextualizaci—n; no se emplea para resultados cuantitativos ni conclusiones.";CONTEXTO_NO_SINTETIZADO;No;No
26;What is a computational linguist and how to become one;Zippia;2025;Comunitaria;Empleo;No;Proyecciones demanda;No;No;No;Parcialmente;https://www.zippia.com/computational-linguist-jobs/;"Proyecciones demanda futura. Fuente comunitaria usada solo para contextualizaci—n; no se emplea para resultados cuantitativos ni conclusiones.";CONTEXTO_NO_SINTETIZADO;No;No
27;The Essential Skills for Data Scientists in 2025: What Recruiters Will Look For;Boston Institute of Analytics;2025;Profesional;Competencias;No;No;Python ML estadistica NLP MLOps;No;No;Si;https://bostoninstituteofanalytics.org/blog/the-essential-skills-for-data-scientists-in-2025-what-recruiters-will-look-for/;Competencias 2025;SINTESIS_CUALITATIVA;Si;No
28;Top Skills You Need for AI Jobs in 2025;Multiverse;2025;Profesional;Competencias;No;No;Skills AI especializacion;No;No;Si;https://www.multiverse.io/en-GB/blog/top-ai-skills;Perspectiva especializacion;SINTESIS_CUALITATIVA;Si;No
29;Mastering Data Science Skills in the Agentic Era;Visier;2023;Profesional;Competencias;No;No;Evolucion skills;No;No;Si;https://www.visier.com/blog/essential-data-scientist-skills/;Evolucion competencias;SINTESIS_CUALITATIVA;Si;No
30;FSU unveils new masterÍs degree track in computational linguistics for Fall 2025;Florida State University;2025;Institucional;Empleo Competencias;No;Justificacion programa demanda aumento;No;No;Reconocimiento brecha;Si;https://news.fsu.edu/news/university-news/2025/07/01/fsu-unveils-new-masters-degree-track-in-computational-linguistics-for-fall-2025/;Evidencia academica demanda;SINTESIS_CUALITATIVA;Si;No
31;Careers in Computational Linguistics;University of Washington;2025;Institucional;Empleo;No;Mediana USD 101000 Maximo USD 126000 carreras tech;No;No;No;Si;https://www.compling.uw.edu/careers;Confirmacion datos salariales;SINTESIS_CUALITATIVA;Si;No
32;"QUALIFICATION DESCRIPTION: The
interdisciplinary master program on
Computational Linguistics at Central
Asian universities CLASS";CLASS;2024;Institucional;Competencias Empleo;No;Programa maestria carreras;Linguistica computacional PLN;No;No;Parcialmente;https://ec.europa.eu/programmes/erasmus-plus/project-result-content/bbc59168-67ae-4870-a990-9c5a2362f696/2.1._qualification_description_CF.pdf;"Programa europeo especializacion. Fuente usada solo para contextualizaci—n; no se emplea para resultados cuantitativos ni conclusiones.";SINTESIS_CUALITATIVA;Si;No
33;Generative AI and the SME Workforce;OECD;2025;Institucional;Brechas;No;No;No;No;20% SMEs aumentan skills vs 9%;Si;https://www.oecd.org/en/publications/generative-ai-and-the-sme-workforce_2d08b99d-en.html;Perspectiva PYME brecha skills;SINTESIS_CUALITATIVA;Si;No
34;AI Adoption by Small and Medium-Sized Enterprises;OECD;2025;Institucional;Mercado_NLP Brechas;No;No;No;No;Impacto skills SMEs adopcion;Si;https://www.oecd.org/en/publications/ai-adoption-by-small-and-medium-sized-enterprises_426399c1-en.html;Enfoque institucional PYME;SINTESIS_CUALITATIVA;Si;No
35;How companies can use AI to find and close skills gaps;MIT Sloan;2024;Institucional;Brechas Competencias;No;No;Como cerrar brechas;No;Brecha habilidades;Si;https://mitsloan.mit.edu/ideas-made-to-matter/how-companies-can-use-ai-to-find-and-close-skills-gaps;Soluciones academicas;SINTESIS_CUALITATIVA;Si;No
36;Digital learning in the 21st century: trends, challenges, and innovations in technology integration;Frontiers in Education;2025;Institucional;Tendencias Competencias;No;No;Formacion digital contemporanea;No;No;Si;https://www.frontiersin.org/journals/education/articles/10.3389/feduc.2025.1562391/full;Tendencias educativas 2025;SINTESIS_CUALITATIVA;Si;No
37;How should I get into Computational Linguistics? (r/LanguageTechnology);Reddit/Comunidad NLP;2025;Comunitaria;Empleo Competencias;No;Perspectiva profesional;Competencias demandadas;No;No;Parcialmente;https://www.reddit.com/r/LanguageTechnology/comments/1lq6ez5/how_should_i_get_into_computational_linguistics/;"Fuente comunitaria usada solo para contextualizaci—n; no se utiliza para resultados cuantitativos ni para apoyar afirmaciones centrales.";CONTEXTO_NO_SINTETIZADO;No;No
38;Is a Master's in computational linguistics a Safe Bet in 2025, or Are We Facing an AI Bubble? (r/LanguageTechnology);Reddit/r/LanguageTechnology;2025;Comunitaria;Empleo Competencias;No;Viabilidad carrera;No;No;No;Parcialmente;https://www.reddit.com/r/LanguageTechnology/comments/1ixgc50/is_a_masters_in_computational_linguistics_a_safe/;"Fuente comunitaria usada solo para contextualizaci—n; no se utiliza para resultados cuantitativos ni para apoyar afirmaciones centrales.";CONTEXTO_NO_SINTETIZADO;No;No
39;How to Become a Computational Linguist? (r/cscareerquestionsEU);Reddit/Carreras;2025;Comunitaria;Competencias Empleo;No;Guia carrera europeo;Habilidades requeridas EU;No;No;Parcialmente;https://www.reddit.com/r/cscareerquestionsEU/comments/16pnksp/how_to_become_a_computational_linguist/;"Fuente comunitaria usada solo para contextualizaci—n; no se utiliza para resultados cuantitativos ni para apoyar afirmaciones centrales.";CONTEXTO_NO_SINTETIZADO;No;No
40;What can linguistics and deep learning contribute to each other? (r/MachineLearning);Reddit/r/MachineLearning;2019;Comunitaria;Impacto_Expertise;No;No;No;Contribucion mutua linguistica-DL;No;Parcialmente;https://www.reddit.com/r/MachineLearning/comments/bq793j/arxiv_what_can_linguistics_and_deep_learning/;"Dialogo academico. Fuente comunitaria usada solo para contextualizaci—n; no se utiliza para resultados cuantitativos ni para apoyar afirmaciones centrales.";CONTEXTO_NO_SINTETIZADO;No;No
41;Techniques for Annotating Data in NLP Projects;Deasy Labs;2025;Industria;Impacto_Expertise;No;No;No;Anotacion experta +10% NER;No;Si;https://www.deasylabs.com/blog/techniques-for-annotating-data-in-nlp-projects;Impacto anotacion especializada;SINTESIS_CUALITATIVA;Si;No
42;How Data Annotation Improves AI Model Accuracy;HitechDigital;2025;Industria;Impacto_Expertise;No;No;No;40% etiquetas incorrectas 46.5% accuracy;No;Si;https://www.hitechdigital.com/blog/data-annotation-for-ai-model-accuracy#:~:text=Effective%20data%20annotation%20includes%20domain,better%20performance%E2%80%94delivering%20measurable%20ROI.;Impacto anotacion calidad;SINTESIS_CUALITATIVA;Si;No
43;Optimizing NLP Model Training - The Impact of Gold Standard Data Annotation;Labelforce AI;2024;Industria;Impacto_Expertise;No;No;No;Robustez modelo anotacion calidad;No;Si;https://www.labelforce.ai/post/optimizing-nlp-model-training---the-impact-of-gold-standard-data-annotation;Robustez especializada;SINTESIS_CUALITATIVA;Si;No
44;Why Data Annotation is Essential for NLP Success;KotWel;2025;Industria;Impacto_Expertise;No;No;No;Importancia anotacion experta;No;Si;https://kotwel.com/why-data-annotation-is-essential-for-nlp-success/;Anotacion especializada;SINTESIS_CUALITATIVA;Si;No
45;Expert Guide to Annotating Text Data for NLP;KeyMaker;2025;Industria;Impacto_Expertise Competencias;No;No;Expertise anotacion;Anotacion vs automatizacion;No;Si;https://keymakr.com/blog/expert-guide-to-annotating-text-data-for-nlp/;Guia anotacion especializada;SINTESIS_CUALITATIVA;Si;No
46;Why NLP Labeling Is Essential for Language Models;Label Studio;2025;Industria;Impacto_Expertise;No;No;No;Etiquetado calidad critico;No;Si;https://labelstud.io/learningcenter/why-nlp-labeling-is-essential-for-language-models/#:~:text=High%2Dquality%20NLP%20labels%20help,behaviors%20before%20they%20reach%20production.;Etiquetado especializado;SINTESIS_CUALITATIVA;Si;No
47;What is the ROI of Implementing NLP Solutions?;Milvus;2025;Industria;Mercado_NLP;No;No;No;Escalabilidad casos ROI;No;Si;https://milvus.io/ai-quick-reference/what-is-the-roi-of-implementing-nlp-solutions;ROI soluciones NLP;SINTESIS_CUALITATIVA;Si;No
48;3 Essentials for Your NLP Data Workforce;Cloud Factory;2025;Industria;Competencias Empleo;No;No;Workforce NLP requirements;No;No;Si;https://www.cloudfactory.com/blog/3-requirements-for-your-nlp-data-workforce;Requisitos workforce NLP;SINTESIS_CUALITATIVA;Si;No
49;LLM AI: The Business Impact of Language Models;KeyMakr;2025;Tendencias;Mercado_NLP Impacto_Expertise;Impacto empresarial LLMs;No;Business impact LLMs;No;Si;Si;https://keymakr.com/blog/llm-ai-the-business-impact-of-language-models/;Impacto empresarial cuantificable;SINTESIS_CUALITATIVA;Si;No
50;Natural Language Processing Models: Pre-trained and Fine-tuned;Lumen Alta;2025;Tendencias;Mercado_NLP Competencias;No;No;Modelos NLP estado arte;No;No;Si;https://lumenalta.com/insights/7-of-the-best-natural-language-processing-models;Estado del arte modelos;SINTESIS_CUALITATIVA;Si;No
51;Relational Foundation Models for Business;LinkedIn;2026;Comunitaria;Tendencias Impacto_Expertise;Tendencias mercado;Relational models business;No;No;Si;Parcialmente;https://www.linkedin.com/posts/leskovec_kumo-ai-models-for-relational-data-activity-7406768385377861634-OO1L/;"Modelos relacionales emergentes. Fuente comunitaria usada solo para contextualizaci—n; no se utiliza para resultados cuantitativos ni para apoyar afirmaciones centrales.";CONTEXTO_NO_SINTETIZADO;No;No
52;AI Trends 2026: The Future of Enterprise Intelligence;Sphinx JSC;2026;Tendencias;Tendencias Mercado_NLP;Tendencias futuro 2026;No;No;No;Si;Si;https://sphinxjsc.com/blog/ai-trends-2026-the-future-of-enterprise-intelligence;Perspectiva futura 2026;SINTESIS_CUALITATIVA;Si;No
53;18th Edition 2025 Tech Trends Report;FTSG;2025;Tendencias;Tendencias Competencias;Tendencias tecnologicas;Skill trends;Competencias futuro;No;Si;Si;https://ftsg.com/wp-content/uploads/2025/03/FTSG_2025_TR_FINAL_LINKED.pdf;Analisis tendencias tech;SINTESIS_CUALITATIVA;Si;No
54;Humanizing The Artificial Intelligence Foundation For Success;Axtria Insights;2025;Tendencias;Tendencias Competencias;No;No;AI skills trends 2025;No;No;Si;https://www.axtria.com/articles/humanizing-the-artificial-intelligence-foundation-for-success;Analisis skills AI;SINTESIS_CUALITATIVA;Si;No
55;AI Adoption by Small and Medium-Sized Enterprises;OECD;2025;Gubernamental;Mercado_NLP Brechas;No;Adopcion SME;Skills SME;No;20% vs 9% skills gap;Si;https://www.oecd.org/en/publications/ai-adoption-by-small-and-medium-sized-enterprises_426399c1-en.html;Analisis OECD SMEs;SINTESIS_CUALITATIVA;Si;No
56;Interpreters and Translators;US Bureau of Labour Statistics;2025;Gubernamental;Empleo;No;Proyecciones empleo linguistas;No;No;No;Si;https://www.bls.gov/ooh/media-and-communication/interpreters-and-translators.htm;Proyecciones laborales oficiales;SINTESIS_CUALITATIVA;Si;No
57;Can Computational Linguists Find a Home in the Technology Industry?;Amazon Science;2025;Otra;Empleo;No;Perspectiva carrera tech;No;No;No;Si;https://www.amazon.science/working-at-amazon/can-computational-linguists-find-a-home-in-the-technology-industry;Perspectiva Amazon;SINTESIS_CUALITATIVA;Si;No
58;Computational Linguist |æIntento;Remocate;2024;Otra;Empleo;No;Descripcion rol salario;Competencias posicion;No;No;Si;https://www.remocate.app/jobs/computational-linguist;Oferta trabajo real;SINTESIS_CUALITATIVA;Si;No
59;Computational Linguist with Gen AI Experience;Sigma Group;2025;Otra;Empleo Competencias;No;Demanda especializacion Gen AI;Gen AI linguistica;No;No;Si;https://careers.sigma.ai/jobs/6921232-computational-linguist-with-gen-ai-experience;Especializacion emergente;SINTESIS_CUALITATIVA;Si;No
60;CLNLP 2025: Conference on Computational Linguistics;CLNLP;2025;Otra;Tendencias Competencias;No;No;Estado del arte conferencia;No;No;Si;https://www.clnlp.org/;Conferencia especializada;SINTESIS_CUALITATIVA;Si;No
61;Understanding Natural Language Processing: Data Annotation;LearningSpiral;2024;Otra;Impacto_Expertise Competencias;No;No;Anotacion especializada;Anotacion calidad;No;Si;https://dataannotation.co.in/understanding-natural-language-processing-data-annotation/#:~:text=A%20crucial%20component%20of%20NLP,sentiment%20analysis%2C%20and%20question%20answering.;Enfoque anotacion;SINTESIS_CUALITATIVA;Si;No
62;Natural Language Processing Market Report 2024;Precedence Research;2024;Comercial;Mercado_NLP;USD 30.68 mil millones 2024 baseline;No;No;No;No;Si;https://www.precedenceresearch.com/natural-language-processing-market;Baseline mercado actual;SINTESIS_CUALITATIVA;Si;No
63;Large Language Models and Operations Research: A Structured Survey;Wang & li;2025;Academica;Tendencias Competencias;LLMOps mercado creciente;Nueva especializacion;Competencias LLMOps;No;Si;Si;https://arxiv.org/html/2509.18180v1;Nuevo campo LLMOps;SINTESIS_CUALITATIVA;Si;No
64;https://www.ibm.com/think/topics/retrieval-augmented-generation;IBM;2025;Comercial;Tendencias Impacto_Expertise;RAG adopcion empresarial;No;No;Mejora desempe–o RAG;Si;Si;https://www.ibm.com/think/topics/retrieval-augmented-generation;Tecnica emergente RAG;SINTESIS_CUALITATIVA;Si;No
65;MMTE: Corpus and Metrics for Evaluating Machine Translation Quality of Metaphorical Language;Wang et al;2024;Academica;Impacto_Expertise;No;No;No;Pericia linguistica mejora BLEU 20-30%;Si;Si;https://aclanthology.org/2024.emnlp-main.634.pdf;Validacion traduccion;SINTESIS_CUALITATIVA;Si;No
66;Labeling Data Using Large Language Models;Deasy Labs;2024;Industria;Impacto_Expertise;No;No;No;Anotacion experta mejora 15%;Si;Si;https://www.deasylabs.com/blog/labeling-data-using-large-language-models;Dominio especifico desempe–o;SINTESIS_CUALITATIVA;Si;No
67;"The convergence of human language and computing: NLP as the bridge to intuitive
interaction";WJAETS;2024;Academica;Impacto_Expertise Competencias;No;No;Competencias multilingues;Anotacion cross-lingual critica;Si;Si;https://wjaets.com/sites/default/files/fulltext_pdf/WJAETS-2025-1081.pdf;Expertise multilingue NLP;SINTESIS_CUALITATIVA;Si;No
68;Text Analytics - Sentiment & Intent Analysis;HitechDigital;2025;Industria;Impacto_Expertise Competencias;No;No;Estandares calidad datos;Calidad datos impacta 30% desempe–o;Si;Si;https://www.hitechdigital.com/text-analytics;Estandares calidad linguistica;SINTESIS_CUALITATIVA;Si;No
69;Active label cleaning for improved dataset quality under resource constraints;Bernhardt et al.;2022;Academica;Impacto_Expertise;No;No;No;SÕ (limpieza de etiquetas/calidad de dataset);SÕ;Si;https://doi.org/10.1038/s41467-022-28818-3;Calidad de etiquetas y recursos;SINTESIS_CUALITATIVA;Si;No
70;Pervasive label errors in test sets destabilize machine learning benchmarks;Northcutt et al.;2021;Academica;Impacto_Expertise;No;No;No;SÕ (errores de etiqueta / calidad);SÕ;Si;https://arxiv.org/abs/2103.14749;Evidencia sobre ñlabel noiseî;SINTESIS_CUALITATIVA;Si;No
71;ñEveryone wants to do the model work, not the data workî: Data cascades in high-stakes AI;Sambasivan et al.;2021;Academica;Brechas;No;No;SÕ (roles/competencias en data work);SÕ;SÕ;Si;https://dl.acm.org/doi/10.1145/3411764.3445518;Data cascades y trabajo de datos;SINTESIS_CUALITATIVA;Si;No
72;Large language models for data annotation and synthesis: A survey;Tan et al.;2024;Academica;Impacto_Expertise;No;No;SÕ (anotaciÑn / sÕntesis);SÕ;SÕ;Si;https://doi.org/10.18653/v1/2024.emnlp-main.54;Survey EMNLP 2024;SINTESIS_CUALITATIVA;Si;No
73;Are expert-level language models expert-level annotators?;Tseng et al.;2024;Academica;Impacto_Expertise;No;No;No;SÕ (LLMs vs anotaciÑn experta);SÕ;Si;https://arxiv.org/abs/2410.03254;Complementa Tseng 2026;SINTESIS_CUALITATIVA;Si;No
74;KlarnaÍs AI assistant does the work of 700 full-time agents;OpenAI;2024;Institucional/Mixta;Mercado_NLP Empleo;SÕ (caso adopciÑn/impacto);SÕ;No;SÕ;No;Si;https://openai.com/index/klarna/;Caso de adopciÑn reportado;SINTESIS_CUALITATIVA;Si;No
75;Part 3: Explanation and elaboration. PRISMA-S explanation and elaboration document;Rethlefsen et al.;2021;Academica;Metodologia;No;No;No;No;No;Si;https://doi.org/10.5195/jmla.2021.1044;Soporte metodolÑgico PRISMA-S;METODOLOGIA_NO_SINTETIZADA;No;No
76;IBM Global AI Adoption Index Report (Dec. 2023);IBM;2024;Institucional;Mercado_NLP Brechas;SÕ;SÕ;No;No;SÕ;Si;https://filecache.mediaroom.com/mr5mr_ibmspgi/179414/download/IBM%20Global%20AI%20Adoption%20Index%20Report%20Dec.%202023.pdf;AdopciÑn/skills gap institucional;SINTESIS_CUALITATIVA;Si;No